-- Thêm dữ liệu mẫu cho bảng tblCostume
INSERT INTO tblCostume (category, name, description, price) VALUES
('Trang phục truyền thống', 'Áo bà ba', 'Áo bà ba màu nâu size M', 120000),
('Trang phục truyền thống', 'Khăn rằn Nam Bộ', 'Khăn rằn sọc đen trắng truyền thống', 50000),
('Trang phục hiện đại', 'Áo hoodie', 'Áo hoodie màu xám size L', 180000),
('Trang phục hiện đại', 'Đầm công sở', 'Đầm công sở màu be size M', 220000),
('Trang phục dạ hội', 'Vest dạ hội nam', 'Vest dạ hội màu xanh navy size XL', 450000),
('Trang phục dạ hội', 'Đầm đuôi cá', 'Đầm đuôi cá ánh kim size S', 550000),
('Trang phục thể thao', 'Áo bóng đá', 'Áo bóng đá đội tuyển quốc gia size M', 130000),
('Trang phục thể thao', 'Quần thể thao', 'Quần thể thao màu đen size L', 80000),
('Trang phục lịch sử', 'Giáp chiến binh', 'Trang phục giáp chiến binh cổ đại size XL', 350000),
('Trang phục lịch sử', 'Áo tấc', 'Áo tấc truyền thống triều Nguyễn size M', 250000),
('Trang phục hóa trang', 'Bộ siêu nhân', 'Bộ trang phục siêu nhân màu đỏ size M', 160000),
('Trang phục hóa trang', 'Bộ công chúa', 'Bộ hóa trang công chúa Elsa size S', 170000),
('Trang phục cosplay', 'Naruto', 'Trang phục cosplay Naruto size M', 280000),
('Trang phục cosplay', 'Kimetsu no Yaiba', 'Trang phục cosplay Tanjiro size L', 300000),
('Trang phục dân tộc', 'Trang phục H’Mông', 'Bộ trang phục dân tộc H’Mông size M', 240000),
('Trang phục dân tộc', 'Trang phục Thái', 'Bộ trang phục dân tộc Thái size S', 230000),
('Trang phục biểu diễn', 'Áo múa lân', 'Áo biểu diễn múa lân màu đỏ size L', 200000),
('Trang phục biểu diễn', 'Đầm múa dân gian', 'Đầm múa dân gian màu vàng size M', 210000),
('Trang phục Halloween', 'Ma cà rồng', 'Trang phục ma cà rồng kèm áo choàng size L', 190000),
('Trang phục Halloween', 'Bộ phù thủy', 'Bộ trang phục phù thủy kèm mũ size M', 180000);

-- Thêm dữ liệu mẫu cho bảng tblCostumeBill
INSERT INTO tblCostumeBill (costume_id, rent_price, bill_id, quantity, name, description) VALUES
(1, 140000, 1, 1, 'Áo bà ba', 'Áo bà ba màu nâu size M'),
(2, 60000, 2, 2, 'Khăn rằn Nam Bộ', 'Khăn rằn sọc đen trắng truyền thống'),
(3, 200000, 3, 1, 'Áo hoodie', 'Áo hoodie màu xám size L'),
(4, 250000, 4, 1, 'Đầm công sở', 'Đầm công sở màu be size M'),
(5, 500000, 5, 1, 'Vest dạ hội nam', 'Vest dạ hội màu xanh navy size XL'),
(6, 600000, 6, 1, 'Đầm đuôi cá', 'Đầm đuôi cá ánh kim size S'),
(7, 150000, 7, 2, 'Áo bóng đá', 'Áo bóng đá đội tuyển quốc gia size M'),
(8, 90000, 8, 1, 'Quần thể thao', 'Quần thể thao màu đen size L'),
(9, 400000, 9, 1, 'Giáp chiến binh', 'Trang phục giáp chiến binh cổ đại size XL'),
(10, 280000, 10, 1, 'Áo tấc', 'Áo tấc truyền thống triều Nguyễn size M'),
(11, 180000, 1, 1, 'Bộ siêu nhân', 'Bộ trang phục siêu nhân màu đỏ size M'),
(12, 190000, 2, 1, 'Bộ công chúa', 'Bộ hóa trang công chúa Elsa size S'),
(13, 300000, 3, 1, 'Naruto', 'Trang phục cosplay Naruto size M'),
(14, 320000, 4, 1, 'Kimetsu no Yaiba', 'Trang phục cosplay Tanjiro size L'),
(15, 260000, 5, 1, 'Trang phục H’Mông', 'Bộ trang phục dân tộc H’Mông size M');

-- Thêm dữ liệu mẫu cho bảng tblCostumeSupplier
INSERT INTO tblCostumeSupplier (costume_id, supplier_id) VALUES
(1, 1),
(2, 1),
(3, 1),
(4, 1),
(5, 1),
(6, 1),
(7, 2),
(8, 2),
(9, 2),
(10, 2),
(11, 2),
(12, 2),
(13, 3),
(14, 3),
(15, 3),
(16, 3),
(17, 3),
(18, 3),
(19, 3),
(20, 3);


-- Thêm dữ liệu mẫu cho bảng tblCostumeImportingBill
INSERT INTO tblCostumeImportingBill (costume_supplier_id, importing_bill_id, import_price, quantity, name, description) VALUES
(1, 1, 100000, 5, 'Áo bà ba', 'Áo bà ba màu nâu size M'),
(2, 1, 40000, 10, 'Khăn rằn Nam Bộ', 'Khăn rằn sọc đen trắng truyền thống'),
(3, 2, 160000, 4, 'Áo hoodie', 'Áo hoodie màu xám size L'),
(4, 2, 200000, 3, 'Đầm công sở', 'Đầm công sở màu be size M'),
(5, 3, 420000, 2, 'Vest dạ hội nam', 'Vest dạ hội màu xanh navy size XL'),
(6, 3, 520000, 1, 'Đầm đuôi cá', 'Đầm đuôi cá ánh kim size S'),
(7, 4, 110000, 5, 'Áo bóng đá', 'Áo bóng đá đội tuyển quốc gia size M'),
(8, 4, 70000, 6, 'Quần thể thao', 'Quần thể thao màu đen size L'),
(9, 5, 320000, 2, 'Giáp chiến binh', 'Trang phục giáp chiến binh cổ đại size XL'),
(10, 5, 230000, 3, 'Áo tấc', 'Áo tấc truyền thống triều Nguyễn size M'),
(11, 6, 140000, 4, 'Bộ siêu nhân', 'Bộ trang phục siêu nhân màu đỏ size M'),
(12, 6, 150000, 4, 'Bộ công chúa', 'Bộ hóa trang công chúa Elsa size S'),
(13, 7, 260000, 2, 'Naruto', 'Trang phục cosplay Naruto size M'),
(14, 7, 280000, 2, 'Kimetsu no Yaiba', 'Trang phục cosplay Tanjiro size L'),
(15, 8, 220000, 3, 'Trang phục H’Mông', 'Bộ trang phục dân tộc H’Mông size M'),
(16, 8, 210000, 2, 'Trang phục Thái', 'Bộ trang phục dân tộc Thái size S'),
(17, 9, 180000, 4, 'Áo múa lân', 'Áo biểu diễn múa lân màu đỏ size L'),
(18, 9, 190000, 3, 'Đầm múa dân gian', 'Đầm múa dân gian màu vàng size M'),
(19, 10, 160000, 2, 'Ma cà rồng', 'Trang phục ma cà rồng kèm áo choàng size L'),
(20, 10, 170000, 2, 'Bộ phù thủy', 'Bộ trang phục phù thủy kèm mũ size M');